alpha,beta,gamma,tau,scf_cc,scf_bc,scf_bs,scf_cs
11,0.2,23,1,6.946941023,0.36042373,7.340539645,18.88746984
14,0.3,28,0.4,1.872150604,2.200270945,10.96801144,11.37622521
39,0.3,16,0.5,2.514516392,1.48094272,7.519131807,8.798928094
40,0.2,21,0.2,1.476098524,3.231774551,5.46777065,3.185187146
21,0.7,12,0.8,1.566401521,0.577372676,8.670370451,12.41655087
26,0.4,17,0.3,1.281710897,2.147136258,6.830465369,5.861817792
22,0.5,31,0.7,1.400492652,0.520209399,20.30593303,32.11029775
4,0.7,30,0.6,7.52334028,30.45611743,18.81027021,25.31789888
16,0.7,25,0.9,1.477916958,0.042586769,18.65970433,35.07982062
7,0.5,23,0.2,1.735938428,3.054469358,3.705179857,2.736228492
35,0.2,10,0.7,3.125705637,0.413826706,3.060840074,5.633236089
30,0.2,11,0.3,1.683333123,2.193960986,4.311614001,2.765420546
10,0.3,28,0.3,1.872770321,2.659756951,8.001956223,6.849603111
17,0.3,19,0.2,1.234711838,2.909274647,5.539300236,3.515608256
9,0.3,14,0.7,3.855003591,0.723758246,6.37481593,9.976864826
12,0.6,26,1,3.2476077,0.188916667,16.4444201,37.43029165
31,0.5,14,1,3.00659531,0.285897701,9.264232419,19.97928994
7,0.7,15,0.9,3.355456076,1.26999733,8.992687623,16.93754801
34,0.6,27,0.4,1.083627713,0.870141514,13.89865065,15.27031233
4,0.6,10,0.7,3.018264547,2.180931352,3.714143449,5.074217398
22,0.5,13,0.8,2.525962658,0.31782618,8.571937377,14.56357748
19,0.7,11,1,1.955108936,0.238055066,8.270455072,14.14795757
29,0.3,28,0.8,3.308954835,0.222265567,14.43013113,26.03225302
38,0.4,26,0.3,1.073107929,1.877763838,9.767825893,9.160811485
4,0.3,11,0.4,1.944979745,1.999255581,3.566569954,3.01256086
32,0.5,15,0.9,2.630602721,0.043836374,10.07683554,19.54336559
4,0.2,16,0.7,4.024632534,1.270547058,3.999857059,6.490460029
8,0.4,18,0.5,2.614257804,1.862962141,7.699269494,9.021413509
4,0.7,28,0.3,2.27027995,1.804050831,3.692931201,3.291633127
32,0.6,16,0.7,1.563179879,0.57666811,11.09019835,16.50687922
5,0.2,22,0.9,6.137667883,0.910224005,5.384728389,11.9715775
7,0.2,31,0.6,4.641275937,2.482650118,8.660390348,12.04757492
13,0.5,30,0.2,1.290262207,1.972406831,7.124118164,6.045701663
35,0.4,11,0.9,3.639355338,0.056513054,6.357102573,12.55169823
4,0.2,9,0.3,1.366288869,2.372400707,3.41873217,1.777226651
32,0.3,21,0.9,4.277959945,0.228678907,10.59121776,21.9112216
21,0.6,32,0.7,1.40691186,0.437323834,22.81873913,34.64029015
12,0.3,10,0.9,3.920043126,0.040015576,4.35609341,9.225246172
37,0.7,11,1,1.939121876,0.236399584,8.273969905,14.1510291
26,0.6,28,0.5,1.190589633,0.428934307,16.7693823,20.66249328
10,0.6,13,1,2.877084583,0.145230588,9.064120107,18.07653783
7,0.7,11,0.7,2.156967278,1.323981825,6.705785845,9.470248551
18,0.2,24,0.4,2.648455985,2.613273933,8.515814435,8.149478399
25,0.6,17,0.9,1.842581996,0.028621706,12.50475894,23.28521743
26,0.2,25,0.4,2.613215044,2.708424881,8.938685775,8.58373694
25,0.4,32,0.9,1.955404219,1.124928259,19.97677161,39.4741737
35,0.5,24,1,1.957488833,0.935304795,16.61513982,36.01156202
37,0.3,14,0.2,1.210428693,2.755875333,4.608739076,2.642621264
19,0.4,22,0.6,1.876757031,0.926424927,12.65506268,17.43088403
16,0.6,21,0.2,0.909290591,2.014415645,5.819462908,4.623809714
4,0.4,9,0.9,3.759744547,1.09751687,3.278854584,6.155516572
37,0.6,29,0.3,1.007327441,1.272816269,11.99886504,11.54986451
33,0.4,10,0.6,2.469806814,0.832049281,5.714838437,7.347420597
40,0.6,15,0.4,1.111018995,1.426605003,7.656957447,8.055228923
11,0.3,14,0.5,2.651613851,1.416933547,6.451782609,7.414863752
19,0.3,14,0.4,2.055949848,1.850164355,6.30529697,5.895258146
20,0.4,8,0.6,2.365628398,0.783113218,4.527873977,5.525483297
37,0.4,27,0.7,1.852006736,0.169996439,16.42069366,25.50795407
12,0.2,14,0.5,2.996899432,1.176978388,5.122340188,5.869303924
36,0.3,18,0.5,2.441433095,1.646805336,8.55865481,9.972298069
26,0.4,8,0.3,1.313408375,1.858945084,3.916359612,2.760156614
19,0.7,30,0.3,1.047856471,1.398276867,12.25001024,11.17588757
23,0.3,29,0.5,1.859524724,1.774351988,13.67644137,16.32631032
21,0.5,14,0.5,1.576596987,1.263001802,8.07988448,9.432993639
29,0.6,26,0.5,1.166179631,0.547522639,15.50187173,19.12471267
11,0.6,14,0.6,1.695962881,1.044849258,8.846922421,11.55606526
22,0.4,26,0.3,1.076616152,1.87871984,9.745478323,9.14573428
5,0.5,31,0.4,3.496269285,3.332732827,5.293956495,5.615479932
7,0.3,24,0.6,3.881168182,2.099666517,8.208320342,11.1328009
7,0.5,9,0.9,3.460542879,0.463554996,5.351827304,9.389725792
35,0.3,30,0.5,1.801703959,1.74650515,14.22222956,16.90079802
40,0.2,24,0.6,3.989852594,1.42053926,9.299931643,12.82355508
29,0.6,16,0.9,1.916322113,0.042128607,11.64160732,21.7544927
4,0.3,21,0.3,1.962187558,3.082061293,4.169862881,3.353928856
39,0.5,13,0.4,1.375468638,1.605129775,6.756105457,6.731824847
23,0.3,27,0.2,1.151490998,2.741469806,6.748247399,5.032746202
10,0.5,10,0.9,3.161260095,0.17593265,6.498303356,11.42950415
27,0.3,12,0.5,2.507778416,1.227507041,5.760396389,6.423147925
40,0.5,9,0.4,1.461923629,1.492615244,4.885969081,4.316156427
24,0.2,15,0.6,3.625723134,0.736726468,5.5257302,7.804706181
5,0.6,27,0.6,0.385791746,8.655316936,23.11638406,32.81768931
4,0.4,27,0.6,4.217340335,2.913028191,5.961920781,8.441607124
18,0.3,17,0.3,1.593331426,2.510211107,6.64149323,5.143296537
39,0.2,10,0.4,2.040087164,1.408375042,3.780604059,3.353735128
24,0.3,27,0.5,1.964048407,1.808017847,12.7606877,15.19982026
27,0.5,26,1,1.798911992,1.096960652,18.10985982,39.23337414
20,0.2,17,0.4,2.600373941,1.997252997,6.216576601,5.797451612
23,0.5,11,0.2,0.974517485,2.318343115,3.924710738,2.376070088
8,0.6,10,0.8,2.550411989,0.712515842,6.543653689,10.15280457
6,0.2,28,0.9,6.846065898,1.088975144,7.25514624,15.82476347
24,0.26,11,0.4,2.113679053,1.562390433,4.747028954,4.278248679
11,0.38,12,0.4,1.821469747,1.729911256,5.89686841,5.553655962
27,0.38,26,0.4,1.256237216,1.597398945,11.67845504,12.64416628
18,0.4,19,0.6,2.064775916,1.003026292,10.84220637,14.98346878
19,0.63,13,0.9,2.014317996,0.231316721,9.431455878,16.68108174
14,0.59,27,0.9,2.340884082,0.35062244,18.00333059,36.64764083
8,0.62,13,0.4,1.581112482,1.822004748,5.911811221,5.943229404
9,0.29,27,0.7,4.574029235,1.621361789,10.32130786,16.3872941
28,0.25,20,0.2,1.342224555,3.091894119,5.590654899,3.383710734
33,0.3,16,0.6,3.025938338,1.040736447,7.896547114,10.72505282
26,0.28,29,0.8,3.588447545,0.235528694,14.13130574,25.88961592
34,0.32,21,0.7,3.06019433,0.691663514,10.87427332,17.52953261
12,0.31,22,0.8,4.221808422,0.492869712,10.44554747,19.39052196
29,0.52,25,0.7,1.446979798,0.038300177,16.30322322,26.118385
29,0.25,20,0.3,1.776322566,2.813208201,7.208020275,5.608200163
11,0.61,22,0.3,1.452137086,1.903146413,7.966484794,7.552233816
12,0.32,12,0.2,1.163525295,2.743572145,4.265003455,2.334046651
23,0.25,10,0.6,2.892276918,0.670765897,4.179427423,5.705234638
29,0.34,28,0.3,1.154003342,2.254659086,10.09277942,9.152663003
29,0.25,16,0.2,1.311229261,2.956725477,4.920126301,2.765847858
36,0.6,30,0.6,1.280562876,0.028382516,20.27987646,27.42492113
10,0.54,15,0.3,1.280652885,1.994085779,6.021986438,5.220985602
24,0.59,20,0.5,1.168315359,0.930677002,11.67760681,14.49738478
13,0.47,23,0.7,2.323304591,0.48637624,14.19413422,21.93097607
12,0.45,28,0.2,1.304439258,2.158454639,6.720003025,5.370397794
22,0.58,12,0.8,2.131484253,0.425548331,8.336366006,13.49847193
27,0.47,11,0.2,1.00145706,2.367814349,3.957567099,2.361091868
13,0.6,22,0.3,1.188724432,1.656104382,8.490315704,8.216433438
37,0.62,15,0.4,1.078019359,1.420186481,7.621444636,7.93114415
10,0.27,23,0.9,5.778850477,0.376754054,9.219002444,19.41623677
6,0.46,17,0.3,1.862592664,2.579364447,4.450251593,3.725341906
19,0.5,15,0.3,1.13538964,1.958828299,6.356491551,5.547545826
8,0.33,28,0.2,1.516785875,2.533698895,5.136295567,3.700445347
27,0.34,27,0.3,1.176777773,2.193178348,9.607839863,8.830090033
30,0.5,10,0.3,1.205568344,1.853539582,4.543492112,3.490062687
23,0.54,29,0.4,1.112093817,0.787867801,14.69360036,16.08071395
17,0.5,15,0.5,1.53206253,1.251794416,8.605928297,10.25591142
30,0.63,18,0.7,1.39029384,0.47830232,12.09554767,18.81714404
6,0.61,26,0.4,3.327098191,3.127291374,5.578065756,5.836229083
12,0.48,19,0.4,1.494800698,1.61311372,8.863433019,9.636200052
27,0.6,27,0.4,1.085279568,0.871762694,13.88601519,15.25696795
14,0.56,16,0.7,1.798519082,0.594164078,10.8322307,16.4668831
26,0.4,24,0.6,1.749361488,0.806220809,13.86415215,18.97108871
6,0.33,21,0.5,3.021573558,2.271506788,6.729270129,7.655231951
16,0.27,27,0.7,3.593823716,0.946674619,12.53657323,20.36260905
29,0.36,10,0.8,3.934294188,1.754222114,3.83725564,6.608020676
9,0.63,28,0.6,3.687846887,1.543729411,13.13647422,17.17984148
31,0.61,30,0.6,1.279977847,0.004662322,20.39281302,27.33285956
35,0.49,13,0.7,2.265277871,0.610506873,8.289152126,12.65173531
30,0.25,13,0.6,3.736862895,1.589821018,3.886776632,5.453922571
16,0.52,25,0.3,1.106795522,1.530548301,9.640032834,9.433443887
10,0.57,19,0.7,2.547754813,0.895545837,11.70299511,17.7293891
8,0.25,18,0.7,4.536716576,1.098111127,6.628136378,10.66003898
29,0.29,12,0.8,3.920091917,0.094046335,5.592851957,10.26068558
13,0.26,17,0.5,2.864083735,1.582986996,7.279032176,8.507151917
33,0.42,13,0.5,1.93792495,1.323775808,7.192162814,8.22989052
21,0.36,14,0.9,3.91773707,0.166656227,7.713615637,15.6036699
15,0.55,19,0.3,1.062867891,1.75721721,7.682429657,7.145910178
28,0.6,28,0.3,0.997241132,1.325908163,11.44485044,11.12471353
